file,line,contract
crates/ui/src/components/accordion/config.rs,2,pub const BADGE_HEIGHT: f32 = 18.0;
crates/ui/src/components/accordion/config.rs,4,pub const CHEVRON_RIGHT_INSET: f32 = 14.0;
crates/ui/src/components/agent_composer/config.rs,2,pub const BADGE_HEIGHT: f32 = 20.0;
crates/ui/src/components/agent_composer/config.rs,4,pub const BADGE_HORIZONTAL_PADDING: f32 = 12.0;
crates/ui/src/components/agent_primitives/config.rs,7,pub const CHIP_HEIGHT: f32 = 24.0;
crates/ui/src/components/agent_primitives/config.rs,8,pub const CHIP_ICON_TEXT_GAP: f32 = 6.0;
crates/ui/src/components/agent_primitives/config.rs,9,pub const CHIP_HORIZONTAL_PADDING: f32 = 8.0;
crates/ui/src/components/agent_primitives/config.rs,16,pub const STATUS_TEXT_GAP: f32 = 4.0;
crates/ui/src/components/agent_primitives/config.rs,17,pub const STATUS_HORIZONTAL_PADDING: f32 = 8.0;
crates/ui/src/components/agent_primitives/config.rs,18,pub const STATUS_VERTICAL_PADDING: f32 = 2.0;
crates/ui/src/components/agent_primitives/config.rs,19,pub const STATUS_MIN_HEIGHT: f32 = 20.0;
crates/ui/src/components/agent_primitives/config.rs,21,pub const TOOL_HEADER_HEIGHT: f32 = 32.0;
crates/ui/src/components/agent_primitives/config.rs,22,pub const TOOL_HEADER_RIGHT_INSET: f32 = 10.0;
crates/ui/src/components/agent_primitives/config.rs,23,pub const TOOL_BADGE_HORIZONTAL_PADDING: f32 = 12.0;
crates/ui/src/components/agent_primitives/config.rs,24,pub const TOOL_BADGE_HEIGHT: f32 = 18.0;
crates/ui/src/components/agent_primitives/config.rs,32,pub const TOOL_SECTION_INSET: f32 = 12.0;
crates/ui/src/components/agent_primitives/config.rs,35,pub const TOOL_SECTION_LABEL_GAP: f32 = 2.0;
crates/ui/src/components/agent_primitives/config.rs,36,pub const TOOL_CODE_HORIZONTAL_INSET: f32 = 16.0;
crates/ui/src/components/agent_primitives/config.rs,37,pub const TOOL_CODE_PADDING: f32 = 8.0;
crates/ui/src/components/agent_primitives/config.rs,38,pub const TOOL_OUTPUT_GAP: f32 = 6.0;
crates/ui/src/components/agent_primitives/config.rs,41,pub const APPROVAL_PADDING: f32 = 14.0;
crates/ui/src/components/agent_primitives/config.rs,45,pub const APPROVAL_CODE_PADDING: f32 = 10.0;
crates/ui/src/components/agent_primitives/config.rs,46,pub const APPROVAL_TITLE_GAP: f32 = 6.0;
crates/ui/src/components/agent_primitives/config.rs,47,pub const APPROVAL_CODE_GAP: f32 = 8.0;
crates/ui/src/components/agent_primitives/config.rs,48,pub const APPROVAL_ACTION_GAP: f32 = 12.0;
crates/ui/src/components/agent_primitives/config.rs,49,pub const APPROVAL_BUTTON_GAP: f32 = 4.0;
crates/ui/src/components/agent_primitives/config.rs,52,pub const THINKING_HORIZONTAL_PADDING: f32 = 10.0;
crates/ui/src/components/agent_primitives/config.rs,53,pub const THINKING_VERTICAL_PADDING: f32 = 6.0;
crates/ui/src/components/agent_primitives/config.rs,54,pub const THINKING_HEADER_HEIGHT: f32 = 24.0;
crates/ui/src/components/agent_primitives/config.rs,59,pub const THINKING_BODY_GAP: f32 = 4.0;
crates/ui/src/components/agent_primitives/config.rs,61,pub const THINKING_BODY_PADDING: f32 = 8.0;
crates/ui/src/components/agent_primitives/config.rs,65,pub const PLAN_PADDING: f32 = 12.0;
crates/ui/src/components/agent_primitives/config.rs,68,pub const PLAN_PROGRESS_GAP: f32 = 6.0;
crates/ui/src/components/agent_primitives/config.rs,69,pub const PLAN_PROGRESS_HEIGHT: f32 = 4.0;
crates/ui/src/components/agent_primitives/config.rs,72,pub const PLAN_TASK_GAP: f32 = 6.0;
crates/ui/src/components/agent_primitives/config.rs,76,pub const PLAN_TASK_ICON_TEXT_GAP: f32 = 2.0;
crates/ui/src/components/alert/config.rs,4,pub const ALERT_FRAME_PADDING_X: f32 = 14.0;
crates/ui/src/components/alert/config.rs,6,pub const ALERT_FRAME_PADDING_Y: f32 = 12.0;
crates/ui/src/components/alert/config.rs,10,pub const ALERT_ICON_GAP: f32 = 8.0;
crates/ui/src/components/alert/config.rs,14,pub const DISMISS_GAP: f32 = 8.0;
crates/ui/src/components/alert/config.rs,22,pub const ALERT_DESCRIPTION_GAP: f32 = 3.0;
crates/ui/src/components/alert/config.rs,33,pub const DIALOG_VIEWPORT_INSET: f32 = 16.0;
crates/ui/src/components/alert/config.rs,35,pub const DIALOG_PADDING: f32 = 20.0;
crates/ui/src/components/alert/config.rs,37,pub const DIALOG_ACTION_GAP: f32 = 8.0;
crates/ui/src/components/alert/config.rs,47,pub const DIALOG_TITLE_GAP: f32 = 6.0;
crates/ui/src/components/alert/config.rs,49,pub const DIALOG_ACTIONS_GAP: f32 = 20.0;
crates/ui/src/components/badge/config.rs,6,pub const BADGE_PAD_X: f32 = 8.0;
crates/ui/src/components/badge/config.rs,8,pub const BADGE_PAD_Y: f32 = 2.0;
crates/ui/src/components/badge/config.rs,10,pub const BADGE_GAP: f32 = 6.0;
crates/ui/src/components/badge/config.rs,14,pub const BADGE_MIN_HEIGHT: f32 = 20.0;
crates/ui/src/components/badge/config.rs,18,pub const COMPACT_BADGE_PAD_X: f32 = 6.0;
crates/ui/src/components/badge/config.rs,20,pub const COMPACT_BADGE_PAD_Y: f32 = 1.5;
crates/ui/src/components/badge/config.rs,22,pub const COMPACT_BADGE_MIN_HEIGHT: f32 = 18.0;
crates/ui/src/components/badge/config.rs,28,pub const COMPACT_BADGE_GAP: f32 = 4.0;
crates/ui/src/components/calendar/config.rs,4,pub const CELL_GAP: f32 = 4.0;
crates/ui/src/components/calendar/config.rs,6,pub const DATE_PICKER_HEIGHT: f32 = 32.0;
crates/ui/src/components/calendar/config.rs,8,pub const POPOVER_GAP: f32 = 4.0;
crates/ui/src/components/calendar/config.rs,9,pub const POPOVER_SCREEN_MARGIN: f32 = 8.0;
crates/ui/src/components/calendar/config.rs,10,pub const CALENDAR_INNER_MARGIN: f32 = 12.0;
crates/ui/src/components/calendar/config.rs,12,pub const SECTION_GAP: f32 = 8.0;
crates/ui/src/components/calendar/config.rs,14,pub const GRID_GAP: f32 = 4.0;
crates/ui/src/components/calendar/config.rs,22,pub const DAY_ROW_HEIGHT: f32 = 20.0;
crates/ui/src/components/calendar/config.rs,32,pub const ICON_INSET: f32 = 10.0;
crates/ui/src/components/calendar/config.rs,34,pub const TEXT_INSET: f32 = 32.0;
crates/ui/src/components/card/config.rs,10,pub const METRIC_CARD_MIN_HEIGHT: f32 = 96.0;
crates/ui/src/components/card/config.rs,12,pub const METRIC_VALUE_TOP_GAP: f32 = 12.0;
crates/ui/src/components/card/config.rs,24,pub const METRIC_TREND_TOP_GAP: f32 = 8.0;
crates/ui/src/components/chrome/config.rs,14,pub(super) const AVATAR_STATUS_DOT_INSET_FACTOR: f32 = 0.7;
crates/ui/src/components/chrome/config.rs,16,pub(super) const AVATAR_STATUS_RING_PADDING: f32 = 1.5;
crates/ui/src/components/chrome/config.rs,26,pub(super) const SKELETON_DEFAULT_HEIGHT: f32 = 12.0;
crates/ui/src/components/chrome/config.rs,42,pub(super) const EMPTY_STATE_ICON_GAP: f32 = 8.0;
crates/ui/src/components/chrome/config.rs,44,pub(super) const EMPTY_STATE_TITLE_GAP: f32 = 4.0;
crates/ui/src/components/chrome/config.rs,46,pub(super) const EMPTY_STATE_ACTION_GAP: f32 = 12.0;
crates/ui/src/components/chrome/config.rs,56,pub(super) const TOOLBAR_MARGIN_X: f32 = 8.0;
crates/ui/src/components/chrome/config.rs,58,pub(super) const TOOLBAR_MARGIN_Y: f32 = 4.0;
crates/ui/src/components/chrome/config.rs,60,pub(super) const TOOLBAR_ITEM_GAP: f32 = 4.0;
crates/ui/src/components/code/config.rs,2,"pub const INLINE_CODE_PAD: egui::Vec2 = egui::Vec2::new(6.0, 2.0);"
crates/ui/src/components/code/config.rs,7,pub const CODE_BLOCK_HEADER_HEIGHT: f32 = 32.0;
crates/ui/src/components/code/config.rs,22,pub const CODE_BLOCK_BODY_PADDING_Y: f32 = 8.0;
crates/ui/src/components/code/config.rs,24,pub const CODE_BLOCK_LINE_HEIGHT: f32 = 20.0;
crates/ui/src/components/code/config.rs,34,pub const CODE_BLOCK_GUTTER_EXTRA_PAD: f32 = 20.0;
crates/ui/src/components/code/config.rs,36,pub const CODE_BLOCK_COPY_BTN_INSET: f32 = 12.0;
crates/ui/src/components/code/config.rs,38,pub const CODE_BLOCK_HEADER_LABEL_GAP: f32 = 8.0;
crates/ui/src/components/collapsible/config.rs,5,pub const HEADER_PAD_LEFT: f32 = 6.0;
crates/ui/src/components/collapsible/config.rs,14,pub const BADGE_HEIGHT: f32 = 16.0;
crates/ui/src/components/collapsible/config.rs,17,pub const BADGE_PAD_H: f32 = 10.0;
crates/ui/src/components/collapsible/config.rs,20,pub const BADGE_RIGHT_MARGIN: f32 = 14.0;
crates/ui/src/components/command/config.rs,2,pub(super) const INPUT_HEIGHT: f32 = 44.0;
crates/ui/src/components/command/config.rs,4,pub(super) const INPUT_ICON_INSET_X: f32 = 14.0;
crates/ui/src/components/command/config.rs,8,pub(super) const INPUT_TEXT_GAP: f32 = 24.0;
crates/ui/src/components/command/config.rs,10,pub(super) const INPUT_TEXT_RIGHT_INSET: f32 = 32.0;
crates/ui/src/components/command/config.rs,12,pub(super) const INPUT_TEXT_INSET_Y: f32 = 8.0;
crates/ui/src/components/command/config.rs,16,pub(super) const INPUT_SEPARATOR_INSET: f32 = 0.5;
crates/ui/src/components/command/config.rs,19,pub(super) const ITEM_HEIGHT: f32 = 36.0;
crates/ui/src/components/command/config.rs,21,pub(super) const ITEM_LEFT_INSET: f32 = 10.0;
crates/ui/src/components/command/config.rs,33,pub(super) const ITEM_SUBTITLE_GAP: f32 = 8.0;
crates/ui/src/components/command/config.rs,39,pub(super) const SHORTCUT_RIGHT_INSET: f32 = 8.0;
crates/ui/src/components/command/config.rs,41,pub(super) const SHORTCUT_INSET_Y: f32 = 6.0;
crates/ui/src/components/command/config.rs,44,pub(super) const GROUP_TOP_GAP: f32 = 6.0;
crates/ui/src/components/command/config.rs,48,pub(super) const GROUP_CONTENT_GAP: f32 = 2.0;
crates/ui/src/components/database/config.rs,6,pub(super) const SSL_BADGE_PADDING_X: f32 = 8.0;
crates/ui/src/components/database/config.rs,8,pub(super) const SSL_BADGE_HEIGHT: f32 = 16.0;
crates/ui/src/components/database/config.rs,10,pub(super) const SSL_BADGE_TEXT_INSET_Y: f32 = 1.0;
crates/ui/src/components/database/config.rs,14,pub(super) const DATABASE_BADGE_HEIGHT: f32 = 22.0;
crates/ui/src/components/database/config.rs,16,pub(super) const DATABASE_BADGE_ICON_INSET_X: f32 = 6.0;
crates/ui/src/components/database/config.rs,18,pub(super) const DATABASE_BADGE_TEXT_INSET_X: f32 = 24.0;
crates/ui/src/components/dev_tools/config.rs,2,pub const TERMINAL_HEADER_HEIGHT: f32 = 28.0;
crates/ui/src/components/dev_tools/config.rs,10,pub const TERMINAL_TITLE_LEFT_INSET: f32 = 58.0;
crates/ui/src/components/dev_tools/config.rs,12,pub const TERMINAL_TITLE_RIGHT_INSET: f32 = 12.0;
crates/ui/src/components/dev_tools/config.rs,19,pub const PROGRESS_RING_INSET: f32 = 2.0;
crates/ui/src/components/dialog/config.rs,6,pub const DIALOG_HORIZONTAL_MARGIN: f32 = 16.0;
crates/ui/src/components/dialog/config.rs,8,pub const DIALOG_VERTICAL_MARGIN: f32 = 24.0;
crates/ui/src/components/dialog/config.rs,21,pub const DIALOG_CHROME_HEIGHT: f32 = 220.0;
crates/ui/src/components/dialog/config.rs,24,pub const DIALOG_CONTENT_HORIZONTAL_PADDING: f32 = 24.0;
crates/ui/src/components/dialog/config.rs,25,pub const DIALOG_CONTENT_VERTICAL_PADDING: f32 = 20.0;
crates/ui/src/components/dialog/config.rs,29,pub const DIALOG_TOTAL_HORIZONTAL_PADDING: f32 = 48.0;
crates/ui/src/components/dialog/config.rs,31,pub const DIALOG_HEADER_MIN_HEIGHT: f32 = 40.0;
crates/ui/src/components/dialog/config.rs,34,pub const SHEET_PADDING: f32 = 16.0;
crates/ui/src/components/dialog/config.rs,35,pub const SHEET_TOTAL_PADDING: f32 = 32.0;
crates/ui/src/components/dialog/config.rs,39,pub const SHEET_TITLE_GAP: f32 = 8.0;
crates/ui/src/components/diff/config.rs,2,pub const DIFF_HEADER_HEIGHT: f32 = 34.0;
crates/ui/src/components/diff/config.rs,11,pub const DIFF_LINE_HEIGHT: f32 = 20.0;
crates/ui/src/components/diff/config.rs,22,pub const DIFF_OLD_NUM_INSET: f32 = 8.0;
crates/ui/src/components/diff/config.rs,24,pub const DIFF_LINE_NUM_COLUMN_GAP: f32 = 8.0;
crates/ui/src/components/diff/config.rs,28,pub const DIFF_CONTENT_RIGHT_PADDING: f32 = 8.0;
crates/ui/src/components/diff/config.rs,30,pub const DIFF_BOTTOM_PADDING_Y: f32 = 6.0;
crates/ui/src/components/diff/config.rs,32,pub const DIFF_HEADER_STATS_RIGHT_INSET: f32 = 14.0;
crates/ui/src/components/diff/config.rs,34,pub const DIFF_HEADER_TITLE_LEFT_INSET: f32 = 12.0;
crates/ui/src/components/diff/config.rs,36,pub const DIFF_HEADER_TITLE_STATS_GAP: f32 = 10.0;
crates/ui/src/components/explain/config.rs,6,pub const EXPLAIN_BAR_HEIGHT: f32 = 5.0;
crates/ui/src/components/explain/config.rs,10,pub const EXPLAIN_BADGE_HEIGHT: f32 = 16.0;
crates/ui/src/components/explain/config.rs,12,pub const EXPLAIN_BADGE_PAD_X: f32 = 8.0;
crates/ui/src/components/explain/config.rs,14,pub const EXPLAIN_BADGE_PAD_Y: f32 = 2.0;
crates/ui/src/components/explain/config.rs,16,pub const EXPLAIN_BADGE_TEXT_PAD_X: f32 = 4.0;
crates/ui/src/components/explain/config.rs,18,pub const EXPLAIN_SKEW_BADGE_TEXT_PAD_X: f32 = 3.0;
crates/ui/src/components/explain/config.rs,24,pub const EXPLAIN_SKEW_BADGE_PAD_X: f32 = 6.0;
crates/ui/src/components/feedback/config.rs,1,pub const PROGRESS_DEFAULT_HEIGHT: f32 = 6.0;
crates/ui/src/components/feedback/config.rs,12,pub const KBD_PAD_X: f32 = 6.0;
crates/ui/src/components/feedback/config.rs,13,pub const KBD_PAD_Y: f32 = 2.5;
crates/ui/src/components/feedback/config.rs,14,pub const KBD_COMBO_GAP: f32 = 3.0;
crates/ui/src/components/feedback/config.rs,18,pub const SEPARATOR_HEIGHT: f32 = 14.0;
crates/ui/src/components/feedback/config.rs,20,pub const SEPARATOR_PADDING_EXTRA: f32 = 16.0;
crates/ui/src/components/hover_card/config.rs,17,pub const TRIGGER_GAP: f32 = 6.0;
crates/ui/src/components/hover_card/config.rs,19,pub const SCREEN_EDGE_INSET: f32 = 10.0;
crates/ui/src/components/hover_card/config.rs,21,pub const FRAME_INNER_MARGIN: f32 = 14.0;
crates/ui/src/components/hover_card/config.rs,25,pub const MIN_VISIBLE_HEIGHT: f32 = 96.0;
crates/ui/src/components/input/config.rs,4,pub const TEXTAREA_INNER_MARGIN_Y: f32 = 6.0;
crates/ui/src/components/input/config.rs,12,pub const INPUT_AUX_GAP: f32 = 2.0;
crates/ui/src/components/nav/config.rs,19,pub const BREADCRUMB_UNDERLINE_INSET: f32 = 1.0;
crates/ui/src/components/nav/config.rs,26,pub const PAGE_HEADER_GAP: f32 = 4.0;
crates/ui/src/components/nav/config.rs,33,pub const SECTION_HEADER_GAP: f32 = 2.0;
crates/ui/src/components/overlay/config.rs,4,pub const DROPDOWN_ITEM_HEIGHT: f32 = 34.0;
crates/ui/src/components/overlay/config.rs,10,pub const TOOLTIP_HORIZONTAL_PADDING: f32 = 18.0;
crates/ui/src/components/overlay/config.rs,11,pub const TOOLTIP_VERTICAL_PADDING: f32 = 12.0;
crates/ui/src/components/overlay/config.rs,12,pub const TOOLTIP_MIN_HEIGHT: f32 = 24.0;
crates/ui/src/components/overlay/config.rs,23,pub const TOAST_SCREEN_MARGIN: f32 = 24.0;
crates/ui/src/components/overlay/config.rs,24,pub const TOAST_HORIZONTAL_PADDING: f32 = 14.0;
crates/ui/src/components/overlay/config.rs,25,pub const TOAST_VERTICAL_PADDING: f32 = 10.0;
crates/ui/src/components/overlay/config.rs,28,pub const CONTEXT_MENU_SCREEN_INSET: f32 = 4.0;
crates/ui/src/components/overlay/config.rs,30,pub const CONTEXT_MENU_MAX_HEIGHT: f32 = 340.0;
crates/ui/src/components/overlay/config.rs,32,pub const CONTEXT_MENU_HORIZONTAL_PADDING: f32 = 4.0;
crates/ui/src/components/overlay/config.rs,33,pub const CONTEXT_MENU_VERTICAL_PADDING: f32 = 6.0;
crates/ui/src/components/overlay/config.rs,34,pub const CONTEXT_MENU_ITEM_HEIGHT: f32 = 26.0;
crates/ui/src/components/overlay/config.rs,36,pub const CONTEXT_MENU_ITEM_HORIZONTAL_PADDING: f32 = 8.0;
crates/ui/src/components/radio_group/config.rs,2,pub const HORIZONTAL_ITEM_GAP: f32 = 16.0;
crates/ui/src/components/radio_group/config.rs,4,pub const VERTICAL_ITEM_GAP: f32 = 8.0;
crates/ui/src/components/radio_group/config.rs,6,pub const NO_ITEM_GAP: f32 = 0.0;
crates/ui/src/components/scroll_area/config.rs,4,pub const SCROLL_CLIP_RECT_MARGIN: f32 = 0.0;
crates/ui/src/components/selection/config.rs,1,pub(crate) const COMPACT_ROW_HEIGHT: f32 = 20.0;
crates/ui/src/components/selection/config.rs,2,pub(crate) const DESCRIPTION_HEIGHT: f32 = 16.0;
crates/ui/src/components/selection/config.rs,5,pub(crate) const SWITCH_HEIGHT: f32 = 20.0;
crates/ui/src/components/selection/config.rs,6,pub(crate) const SLIDER_HEIGHT: f32 = 20.0;
crates/ui/src/components/separator/config.rs,7,pub const DEFAULT_VERTICAL_MARGIN: f32 = 6.0;
crates/ui/src/components/separator/config.rs,11,pub const MIN_HORIZONTAL_HEIGHT: f32 = 14.0;
crates/ui/src/components/separator/config.rs,14,pub const MAX_VERTICAL_HEIGHT: f32 = 24.0;
crates/ui/src/components/separator/config.rs,20,pub const VERTICAL_LINE_INSET: f32 = SPACE_XXS; // 2.0
crates/ui/src/components/sql_editor/config.rs,7,pub const TOOLBAR_MARGIN: Margin = Margin {
crates/ui/src/components/table/config.rs,11,pub(crate) const HEADER_HEIGHT: f32 = 36.0;
crates/ui/src/components/table/config.rs,14,pub(crate) const INNER_PADDING_X: f32 = 12.0;
crates/ui/src/components/table/config.rs,17,pub(crate) const SORT_ICON_GAP: f32 = 4.0;
crates/ui/src/components/table/config.rs,19,pub(crate) const ROW_HEIGHT_DEFAULT: f32 = 44.0;
crates/ui/src/components/table/config.rs,20,pub(crate) const EMPTY_BODY_HEIGHT: f32 = 80.0;
crates/ui/src/components/table/config.rs,21,pub(crate) const EMPTY_BODY_RECT_HEIGHT: f32 = 90.0;
crates/ui/src/components/table/config.rs,24,pub(crate) const EMPTY_ICON_GAP: f32 = 4.0;
crates/ui/src/components/tabs/config.rs,11,pub(super) const SEGMENTED_ITEM_HEIGHT: f32 = 28.0;
crates/ui/src/components/tabs/config.rs,15,pub(super) const SEGMENTED_LABEL_PAD_X: f32 = 24.0;
crates/ui/src/components/tabs/config.rs,17,pub(super) const SEGMENTED_ITEM_GAP: f32 = 2.0;
crates/ui/src/components/tabs/config.rs,19,pub(super) const SEGMENTED_TRACK_PAD: f32 = 3.0;
crates/ui/src/components/tabs/config.rs,26,pub(super) const UNDERLINE_ITEM_HEIGHT: f32 = 32.0;
crates/ui/src/components/tabs/config.rs,28,pub(super) const UNDERLINE_LABEL_PAD_X: f32 = 24.0;
crates/ui/src/components/tabs/config.rs,30,pub(super) const UNDERLINE_ITEM_GAP: f32 = SPACE_XS;
crates/ui/src/components/tabs/config.rs,32,pub(super) const UNDERLINE_HOVER_INSET_Y: f32 = 4.0;
crates/ui/src/components/tabs/config.rs,36,pub(super) const UNDERLINE_BASELINE_HEIGHT: f32 = 1.0;
crates/ui/src/components/tabs/config.rs,38,pub(super) const UNDERLINE_INDICATOR_HEIGHT: f32 = 2.0;
crates/ui/src/components/tabs/config.rs,40,pub(super) const UNDERLINE_INDICATOR_INSET_X: f32 = 4.0;
crates/ui/src/components/toggle/config.rs,4,pub const ICON_TEXT_GAP: f32 = 6.0;
crates/ui/src/components/toggle/config.rs,12,pub const HORIZONTAL_PADDING_FACTOR: f32 = 2.0;
crates/ui/src/components/toggle/config.rs,17,pub const SM_HEIGHT: f32 = 28.0;
crates/ui/src/components/toggle/config.rs,19,pub const DEFAULT_HEIGHT: f32 = 32.0;
crates/ui/src/components/toggle/config.rs,21,pub const LG_HEIGHT: f32 = 38.0;
crates/ui/src/components/toggle/config.rs,38,pub const SM_PADDING_X: f32 = 8.0;
crates/ui/src/components/toggle/config.rs,40,pub const DEFAULT_PADDING_X: f32 = 11.0;
crates/ui/src/components/toggle/config.rs,42,pub const LG_PADDING_X: f32 = 14.0;
crates/ui/src/components/transaction/config.rs,6,pub(super) const BAR_MARGIN_X: f32 = 12.0;
crates/ui/src/components/transaction/config.rs,8,pub(super) const BAR_MARGIN_Y: f32 = 8.0;
crates/ui/src/components/transaction/config.rs,15,pub(super) const STATUS_DOT_GAP: f32 = 4.0;
crates/ui/src/components/transaction/config.rs,19,pub(super) const PENDING_BEFORE_GAP: f32 = 8.0;
crates/ui/src/components/transaction/config.rs,23,pub(super) const PENDING_BADGE_HEIGHT: f32 = 18.0;
crates/ui/src/components/transaction/config.rs,25,pub(super) const PENDING_BADGE_PADDING_X: f32 = 12.0;
crates/ui/src/components/transaction/config.rs,35,pub(super) const PENDING_AFTER_GAP: f32 = 4.0;
crates/ui/src/components/transaction/config.rs,37,pub(super) const ISOLATION_GAP: f32 = 6.0;
crates/ui/src/components/transaction/config.rs,41,pub(super) const ACTION_GAP: f32 = 4.0;
crates/ui/src/components/transaction/config.rs,50,pub(super) const DIALOG_BANNER_MARGIN: f32 = 12.0;
crates/ui/src/components/transaction/config.rs,56,pub(super) const DIALOG_ICON_GAP: f32 = 6.0;
crates/ui/src/components/transaction/config.rs,60,pub(super) const DIALOG_TITLE_GAP: f32 = 2.0;
crates/ui/src/components/transaction/config.rs,64,pub(super) const DIALOG_SECTION_GAP: f32 = 14.0;
crates/ui/src/components/transaction/config.rs,68,pub(super) const DIALOG_TARGET_GAP: f32 = 4.0;
crates/ui/src/components/transaction/config.rs,70,pub(super) const DIALOG_INPUT_GAP: f32 = 6.0;
crates/ui/src/components/transaction/config.rs,72,pub(super) const DIALOG_ACTION_GAP: f32 = 18.0;
crates/ui/src/components/transaction/config.rs,74,pub(super) const DIALOG_BUTTON_GAP: f32 = 8.0;
crates/ui/src/components/tree/config.rs,2,pub(crate) const ROW_HEIGHT: f32 = 26.0;
crates/ui/src/components/tree/config.rs,6,pub(crate) const LEFT_INSET: f32 = 8.0;
crates/ui/src/components/tree/config.rs,16,pub(crate) const DETAIL_INSET: f32 = 10.0;
crates/ui/src/components/tree/config.rs,42,pub(crate) const DEFAULT_CONTENT_HEIGHT: f32 = 48.0;
crates/ui/src/components/tree/config.rs,44,pub(crate) const MIN_CLIP_HEIGHT: f32 = 1.0;
crates/ui/src/components/tree/config.rs,50,"pub(crate) const CHILDREN_HEIGHT_ID_SALT: &str = ""content_h"";"
crates/ui/src/components/workspace/config.rs,10,pub(crate) const ACTIVITY_ITEM_LEFT_INSET: f32 = 6.0;
crates/ui/src/components/workspace/config.rs,18,pub(crate) const ACTIVITY_ACCENT_TOP_INSET: f32 = 8.0;
crates/ui/src/components/workspace/config.rs,20,pub(crate) const ACTIVITY_ACCENT_HEIGHT: f32 = 20.0;
crates/ui/src/tokens/component/button.rs,24,pub const BUTTON_HEIGHT_DEFAULT: f32 = 32.0;
crates/ui/src/tokens/component/button.rs,25,pub const BUTTON_HEIGHT_SM: f32 = 28.0;
crates/ui/src/tokens/component/button.rs,26,pub const BUTTON_HEIGHT_LG: f32 = 38.0;
crates/ui/src/tokens/component/button.rs,33,"pub const BUTTON_SM_PADDING: Vec2 = Vec2::new(8.0, 4.0);"
crates/ui/src/tokens/component/button.rs,34,"pub const BUTTON_DEFAULT_PADDING: Vec2 = Vec2::new(10.0, 5.0);"
crates/ui/src/tokens/component/button.rs,35,"pub const BUTTON_LG_PADDING: Vec2 = Vec2::new(14.0, 7.0);"
crates/ui/src/tokens/component/button.rs,36,"pub const BUTTON_ICON_PADDING: Vec2 = Vec2::new(8.0, 8.0);"
crates/ui/src/tokens/component/button.rs,37,"pub const BUTTON_ICON_SM_PADDING: Vec2 = Vec2::new(6.0, 6.0);"
crates/ui/src/tokens/component/input.rs,22,pub const INPUT_HEIGHT_DEFAULT: f32 = 38.0;
crates/ui/src/tokens/component/input.rs,24,pub const INPUT_HEIGHT_SM: f32 = 30.0;
crates/ui/src/tokens/component/table.rs,19,pub const TABLE_ROW_HEIGHT_DEFAULT: f32 = 40.0;
crates/ui/src/tokens/component/table.rs,21,pub const TABLE_ROW_HEIGHT_COMPACT: f32 = 32.0;
crates/ui/src/tokens/component/table.rs,23,pub const TABLE_HEADER_HEIGHT: f32 = 36.0;
crates/ui/src/tokens/primitive.rs,27,pub const ICON_TEXT_GAP: f32 = 8.0;
crates/ui/src/tokens/primitive.rs,28,pub const LABEL_HELPER_GAP: f32 = 4.0;
crates/ui/src/tokens/primitive.rs,29,pub const FORM_FIELD_GAP: f32 = 14.0;
crates/ui/src/tokens/primitive.rs,30,pub const CONTROL_GROUP_GAP: f32 = 12.0;
crates/ui/src/tokens/primitive.rs,31,pub const SECTION_GAP_SM: f32 = 24.0;
crates/ui/src/tokens/primitive.rs,32,pub const SECTION_GAP_MD: f32 = 32.0;
crates/ui/src/tokens/primitive.rs,33,pub const SECTION_GAP_LG: f32 = 48.0;
crates/ui/src/tokens/primitive.rs,34,pub const CARD_INNER_PAD: f32 = 12.0;
crates/ui/src/tokens/primitive.rs,37,pub const SHELL_SPLIT_INSET: f32 = SPACE_SM;
